96603,96695,96658,96751,96575,96671,96561,96543
96695,96658,96751,96575,96671,96561,96543,96473
96658,96751,96575,96671,96561,96543,96473,96450
96751,96575,96671,96561,96543,96473,96450,96357
96575,96671,96561,96543,96473,96450,96357,96641
96671,96561,96543,96473,96450,96357,96641,96613
96561,96543,96473,96450,96357,96641,96613,96679
96543,96473,96450,96357,96641,96613,96679,96619
96473,96450,96357,96641,96613,96679,96619,96557
96450,96357,96641,96613,96679,96619,96557,96557
96357,96641,96613,96679,96619,96557,96557,96520
96641,96613,96679,96619,96557,96557,96520,96563
96613,96679,96619,96557,96557,96520,96563,96378
96679,96619,96557,96557,96520,96563,96378,96378
96619,96557,96557,96520,96563,96378,96378,96627
96557,96557,96520,96563,96378,96378,96627,96618
96557,96520,96563,96378,96378,96627,96618,96642
96520,96563,96378,96378,96627,96618,96642,96571
96563,96378,96378,96627,96618,96642,96571,96524
96378,96378,96627,96618,96642,96571,96524,96468
96378,96627,96618,96642,96571,96524,96468,96459
96627,96618,96642,96571,96524,96468,96459,96375
96618,96642,96571,96524,96468,96459,96375,96443
96642,96571,96524,96468,96459,96375,96443,96506
96571,96524,96468,96459,96375,96443,96506,96443
96524,96468,96459,96375,96443,96506,96443,96443
96468,96459,96375,96443,96506,96443,96443,96080
96459,96375,96443,96506,96443,96443,96080,96089
96375,96443,96506,96443,96443,96080,96089,96179
96443,96506,96443,96443,96080,96089,96179,95992
96506,96443,96443,96080,96089,96179,95992,96010
96443,96443,96080,96089,96179,95992,96010,96010
96443,96080,96089,96179,95992,96010,96010,96135
96080,96089,96179,95992,96010,96010,96135,96088
96089,96179,95992,96010,96010,96135,96088,96010
96179,95992,96010,96010,96135,96088,96010,96158
95992,96010,96010,96135,96088,96010,96158,96220
96010,96010,96135,96088,96010,96158,96220,96239
96010,96135,96088,96010,96158,96220,96239,96156
96135,96088,96010,96158,96220,96239,96156,96200
96088,96010,96158,96220,96239,96156,96200,96245
96010,96158,96220,96239,96156,96200,96245,96338
96158,96220,96239,96156,96200,96245,96338,96339
96220,96239,96156,96200,96245,96338,96339,96228
96239,96156,96200,96245,96338,96339,96228,96251
96156,96200,96245,96338,96339,96228,96251,96146
96200,96245,96338,96339,96228,96251,96146,96115
96245,96338,96339,96228,96251,96146,96115,96125
96338,96339,96228,96251,96146,96115,96125,96069
96339,96228,96251,96146,96115,96125,96069,96227
96228,96251,96146,96115,96125,96069,96227,96168
96251,96146,96115,96125,96069,96227,96168,96343
96146,96115,96125,96069,96227,96168,96343,96130
96115,96125,96069,96227,96168,96343,96130,96379
96125,96069,96227,96168,96343,96130,96379,96379
96069,96227,96168,96343,96130,96379,96379,96361
96227,96168,96343,96130,96379,96379,96361,96347
96168,96343,96130,96379,96379,96361,96347,96394
96343,96130,96379,96379,96361,96347,96394,96347
96130,96379,96379,96361,96347,96394,96347,96301
96379,96379,96361,96347,96394,96347,96301,96174
96379,96361,96347,96394,96347,96301,96174,96174
96361,96347,96394,96347,96301,96174,96174,96137
96347,96394,96347,96301,96174,96174,96137,96072
96394,96347,96301,96174,96174,96137,96072,96093
96347,96301,96174,96174,96137,96072,96093,96093
96301,96174,96174,96137,96072,96093,96093,96093
96174,96174,96137,96072,96093,96093,96093,96276
96174,96137,96072,96093,96093,96093,96276,96255
96137,96072,96093,96093,96093,96276,96255,96276
96072,96093,96093,96093,96276,96255,96276,96350
96093,96093,96093,96276,96255,96276,96350,96569
96093,96093,96276,96255,96276,96350,96569,96542
96093,96276,96255,96276,96350,96569,96542,96542
96276,96255,96276,96350,96569,96542,96542,96542
96255,96276,96350,96569,96542,96542,96542,96361
96276,96350,96569,96542,96542,96542,96361,96315
96350,96569,96542,96542,96542,96361,96315,96324
96569,96542,96542,96542,96361,96315,96324,96352
96542,96542,96542,96361,96315,96324,96352,96352
96542,96542,96361,96315,96324,96352,96352,96333
96542,96361,96315,96324,96352,96352,96333,96417
96361,96315,96324,96352,96352,96333,96417,96417
96315,96324,96352,96352,96333,96417,96417,96324
96324,96352,96352,96333,96417,96417,96324,96208
96352,96352,96333,96417,96417,96324,96208,96220
96352,96333,96417,96417,96324,96208,96220,96182
96333,96417,96417,96324,96208,96220,96182,96356
96417,96417,96324,96208,96220,96182,96356,96102
96417,96324,96208,96220,96182,96356,96102,96102
96324,96208,96220,96182,96356,96102,96102,96074
96208,96220,96182,96356,96102,96102,96074,96164
96220,96182,96356,96102,96102,96074,96164,96106
96182,96356,96102,96102,96074,96164,96106,96116
96356,96102,96102,96074,96164,96106,96116,96069
96102,96102,96074,96164,96106,96116,96069,96000
96102,96074,96164,96106,96116,96069,96000,96046
96074,96164,96106,96116,96069,96000,96046,96056
96164,96106,96116,96069,96000,96046,96056,96103
96106,96116,96069,96000,96046,96056,96103,96083
96116,96069,96000,96046,96056,96103,96083,96000
96069,96000,96046,96056,96103,96083,96000,95995
96000,96046,96056,96103,96083,96000,95995,95856
96046,96056,96103,96083,96000,95995,95856,95856
96056,96103,96083,96000,95995,95856,95856,95861
96103,96083,96000,95995,95856,95856,95861,95954
96083,96000,95995,95856,95856,95861,95954,95963
96000,95995,95856,95856,95861,95954,95963,96023
95995,95856,95856,95861,95954,95963,96023,96046
95856,95856,95861,95954,95963,96023,96046,96102
95856,95861,95954,95963,96023,96046,96102,96037
95861,95954,95963,96023,96046,96102,96037,95898
95954,95963,96023,96046,96102,96037,95898,96151
95963,96023,96046,96102,96037,95898,96151,96102
96023,96046,96102,96037,95898,96151,96102,96157
96046,96102,96037,95898,96151,96102,96157,96185
96102,96037,95898,96151,96102,96157,96185,96037
96037,95898,96151,96102,96157,96185,96037,96037
95898,96151,96102,96157,96185,96037,96037,96009
96151,96102,96157,96185,96037,96037,96009,95991
96102,96157,96185,96037,96037,96009,95991,96009
96157,96185,96037,96037,96009,95991,96009,96065
96185,96037,96037,96009,95991,96009,96065,96028
96037,96037,96009,95991,96009,96065,96028,96014
96037,96009,95991,96009,96065,96028,96014,96014
96009,95991,96009,96065,96028,96014,96014,96250
95991,96009,96065,96028,96014,96014,96250,96171
96009,96065,96028,96014,96014,96250,96171,96176
96065,96028,96014,96014,96250,96171,96176,96176
96028,96014,96014,96250,96171,96176,96176,96206
96014,96014,96250,96171,96176,96176,96206,96144
96014,96250,96171,96176,96176,96206,96144,96144
96250,96171,96176,96176,96206,96144,96144,96193
96171,96176,96176,96206,96144,96144,96193,96185
96176,96176,96206,96144,96144,96193,96185,96102
96176,96206,96144,96144,96193,96185,96102,96130
96206,96144,96144,96193,96185,96102,96130,96120
96144,96144,96193,96185,96102,96130,96120,96241
96144,96193,96185,96102,96130,96120,96241,96250
96193,96185,96102,96130,96120,96241,96250,96269
96185,96102,96130,96120,96241,96250,96269,96282
96102,96130,96120,96241,96250,96269,96282,96282
96130,96120,96241,96250,96269,96282,96282,96282
96120,96241,96250,96269,96282,96282,96282,96614
96241,96250,96269,96282,96282,96282,96614,96523
96250,96269,96282,96282,96282,96614,96523,96560
96269,96282,96282,96282,96614,96523,96560,96931
96282,96282,96282,96614,96523,96560,96931,96931
96282,96282,96614,96523,96560,96931,96931,96847
96282,96614,96523,96560,96931,96931,96847,96893
96614,96523,96560,96931,96931,96847,96893,96864
96523,96560,96931,96931,96847,96893,96864,96810
96560,96931,96931,96847,96893,96864,96810,96836
96931,96931,96847,96893,96864,96810,96836,96841
96931,96847,96893,96864,96810,96836,96841,96925
96847,96893,96864,96810,96836,96841,96925,96879
96893,96864,96810,96836,96841,96925,96879,96788
96864,96810,96836,96841,96925,96879,96788,96838
96810,96836,96841,96925,96879,96788,96838,97065
96836,96841,96925,96879,96788,96838,97065,96991
96841,96925,96879,96788,96838,97065,96991,97271
96925,96879,96788,96838,97065,96991,97271,97327
96879,96788,96838,97065,96991,97271,97327,97131
96788,96838,97065,96991,97271,97327,97131,97131
96838,97065,96991,97271,97327,97131,97131,97056
97065,96991,97271,97327,97131,97131,97056,97215
96991,97271,97327,97131,97131,97056,97215,97336
97271,97327,97131,97131,97056,97215,97336,97479
97327,97131,97131,97056,97215,97336,97479,97444
97131,97131,97056,97215,97336,97479,97444,97435
97131,97056,97215,97336,97479,97444,97435,97426
97056,97215,97336,97479,97444,97435,97426,97574
97215,97336,97479,97444,97435,97426,97574,97611
97336,97479,97444,97435,97426,97574,97611,97731
97479,97444,97435,97426,97574,97611,97731,97679
97444,97435,97426,97574,97611,97731,97679,97778
97435,97426,97574,97611,97731,97679,97778,97815
97426,97574,97611,97731,97679,97778,97815,97852
97574,97611,97731,97679,97778,97815,97852,97806
97611,97731,97679,97778,97815,97852,97806,97722
97731,97679,97778,97815,97852,97806,97722,97806
97679,97778,97815,97852,97806,97722,97806,97843
97778,97815,97852,97806,97722,97806,97843,97907
97815,97852,97806,97722,97806,97843,97907,97944
97852,97806,97722,97806,97843,97907,97944,98046
97806,97722,97806,97843,97907,97944,98046,98556
97722,97806,97843,97907,97944,98046,98556,99157
97806,97843,97907,97944,98046,98556,99157,99852
97843,97907,97944,98046,98556,99157,99852,100981
97907,97944,98046,98556,99157,99852,100981,102726
97944,98046,98556,99157,99852,100981,102726,103151
98046,98556,99157,99852,100981,102726,103151,102396
98556,99157,99852,100981,102726,103151,102396,102604
99157,99852,100981,102726,103151,102396,102604,102769
99852,100981,102726,103151,102396,102604,102769,102029
100981,102726,103151,102396,102604,102769,102029,101610
102726,103151,102396,102604,102769,102029,101610,101439
103151,102396,102604,102769,102029,101610,101439,101112
102396,102604,102769,102029,101610,101439,101112,101255
102604,102769,102029,101610,101439,101112,101255,101179
102769,102029,101610,101439,101112,101255,101179,100594
102029,101610,101439,101112,101255,101179,100594,100642
101610,101439,101112,101255,101179,100594,100642,100280
101439,101112,101255,101179,100594,100642,100280,100093
101112,101255,101179,100594,100642,100280,100093,99841
101255,101179,100594,100642,100280,100093,99841,100000
101179,100594,100642,100280,100093,99841,100000,99830
100594,100642,100280,100093,99841,100000,99830,99713
100642,100280,100093,99841,100000,99830,99713,99704
100280,100093,99841,100000,99830,99713,99704,99750
100093,99841,100000,99830,99713,99704,99750,99731
99841,100000,99830,99713,99704,99750,99731,99769
100000,99830,99713,99704,99750,99731,99769,99778
99830,99713,99704,99750,99731,99769,99778,99898
99713,99704,99750,99731,99769,99778,99898,100509
99704,99750,99731,99769,99778,99898,100509,100986
99750,99731,99769,99778,99898,100509,100986,100921
99731,99769,99778,99898,100509,100986,100921,100921
99769,99778,99898,100509,100986,100921,100921,100907
99778,99898,100509,100986,100921,100921,100907,101014
99898,100509,100986,100921,100921,100907,101014,101220
100509,100986,100921,100921,100907,101014,101220,101403
100986,100921,100921,100907,101014,101220,101403,101252
100921,100921,100907,101014,101220,101403,101252,101079
100921,100907,101014,101220,101403,101252,101079,100829
100907,101014,101220,101403,101252,101079,100829,100736
101014,101220,101403,101252,101079,100829,100736,100764
101220,101403,101252,101079,100829,100736,100764,100360
101403,101252,101079,100829,100736,100764,100360,100176
101252,101079,100829,100736,100764,100360,100176,100046
101079,100829,100736,100764,100360,100176,100046,100009
100829,100736,100764,100360,100176,100046,100009,100019
100736,100764,100360,100176,100046,100009,100019,100107
100764,100360,100176,100046,100009,100019,100107,100005
100360,100176,100046,100009,100019,100107,100005,100098
100176,100046,100009,100019,100107,100005,100098,100045
100046,100009,100019,100107,100005,100098,100045,100036
100009,100019,100107,100005,100098,100045,100036,99915
100019,100107,100005,100098,100045,100036,99915,99900
100107,100005,100098,100045,100036,99915,99900,99868
100005,100098,100045,100036,99915,99900,99868,99784
100098,100045,100036,99915,99900,99868,99784,99812
100045,100036,99915,99900,99868,99784,99812,99880
100036,99915,99900,99868,99784,99812,99880,99889
99915,99900,99868,99784,99812,99880,99889,99916
99900,99868,99784,99812,99880,99889,99916,99682
99868,99784,99812,99880,99889,99916,99682,99692
99784,99812,99880,99889,99916,99682,99692,99654
99812,99880,99889,99916,99682,99692,99654,99750
99880,99889,99916,99682,99692,99654,99750,99472
99889,99916,99682,99692,99654,99750,99472,99324
99916,99682,99692,99654,99750,99472,99324,99287
99682,99692,99654,99750,99472,99324,99287,99093
99692,99654,99750,99472,99324,99287,99093,99537
99654,99750,99472,99324,99287,99093,99537,99393
99750,99472,99324,99287,99093,99537,99393,99374
99472,99324,99287,99093,99537,99393,99374,98935
99324,99287,99093,99537,99393,99374,98935,98981
99287,99093,99537,99393,99374,98935,98981,99704
99093,99537,99393,99374,98935,98981,99704,99875
99537,99393,99374,98935,98981,99704,99875,99579
99393,99374,98935,98981,99704,99875,99579,99654
99374,98935,98981,99704,99875,99579,99654,99505
98935,98981,99704,99875,99579,99654,99505,99657
98981,99704,99875,99579,99654,99505,99657,99591
99704,99875,99579,99654,99505,99657,99591,99380
99875,99579,99654,99505,99657,99591,99380,99421
99579,99654,99505,99657,99591,99380,99421,99393
99654,99505,99657,99591,99380,99421,99393,99346
99505,99657,99591,99380,99421,99393,99346,99355
99657,99591,99380,99421,99393,99346,99355,99380
99591,99380,99421,99393,99346,99355,99380,99375
99380,99421,99393,99346,99355,99380,99375,99266
99421,99393,99346,99355,99380,99375,99266,99388
99393,99346,99355,99380,99375,99266,99388,99472
99346,99355,99380,99375,99266,99388,99472,99509
99355,99380,99375,99266,99388,99472,99509,99547
99380,99375,99266,99388,99472,99509,99547,99662
99375,99266,99388,99472,99509,99547,99662,99662
99266,99388,99472,99509,99547,99662,99662,99625
99388,99472,99509,99547,99662,99662,99625,99690
99472,99509,99547,99662,99662,99625,99690,99547
99509,99547,99662,99662,99625,99690,99547,99565
99547,99662,99662,99625,99690,99547,99565,99593
99662,99662,99625,99690,99547,99565,99593,99551
99662,99625,99690,99547,99565,99593,99551,99486
99625,99690,99547,99565,99593,99551,99486,99491
99690,99547,99565,99593,99551,99486,99491,99463
99547,99565,99593,99551,99486,99491,99463,99505
99565,99593,99551,99486,99491,99463,99505,99514
99593,99551,99486,99491,99463,99505,99514,99486
99551,99486,99491,99463,99505,99514,99486,99532
99486,99491,99463,99505,99514,99486,99532,99514
99491,99463,99505,99514,99486,99532,99514,99542
99463,99505,99514,99486,99532,99514,99542,99551
99505,99514,99486,99532,99514,99542,99551,99556
99514,99486,99532,99514,99542,99551,99556,99825
99486,99532,99514,99542,99551,99556,99825,99785
99532,99514,99542,99551,99556,99825,99785,99855
99514,99542,99551,99556,99825,99785,99855,99542
99542,99551,99556,99825,99785,99855,99542,99477
99551,99556,99825,99785,99855,99542,99477,99556
99556,99825,99785,99855,99542,99477,99556,99565
99825,99785,99855,99542,99477,99556,99565,99584
99785,99855,99542,99477,99556,99565,99584,99533
99855,99542,99477,99556,99565,99584,99533,99657
99542,99477,99556,99565,99584,99533,99657,99597
99477,99556,99565,99584,99533,99657,99597,99606
99556,99565,99584,99533,99657,99597,99606,99481
99565,99584,99533,99657,99597,99606,99481,99394
99584,99533,99657,99597,99606,99481,99394,99429
99533,99657,99597,99606,99481,99394,99429,99528
99657,99597,99606,99481,99394,99429,99528,99771
99597,99606,99481,99394,99429,99528,99771,99799
99606,99481,99394,99429,99528,99771,99799,100009
99481,99394,99429,99528,99771,99799,100009,100103
99394,99429,99528,99771,99799,100009,100103,100023
99429,99528,99771,99799,100009,100103,100023,100229
99528,99771,99799,100009,100103,100023,100229,100388
99771,99799,100009,100103,100023,100229,100388,100532
99799,100009,100103,100023,100229,100388,100532,100400
100009,100103,100023,100229,100388,100532,100400,100503
100103,100023,100229,100388,100532,100400,100503,100481
100023,100229,100388,100532,100400,100503,100481,100509
100229,100388,100532,100400,100503,100481,100509,100621
100388,100532,100400,100503,100481,100509,100621,100840
100532,100400,100503,100481,100509,100621,100840,100664
100400,100503,100481,100509,100621,100840,100664,100642
100503,100481,100509,100621,100840,100664,100642,100415
100481,100509,100621,100840,100664,100642,100415,100430
100509,100621,100840,100664,100642,100415,100430,100340
100621,100840,100664,100642,100415,100430,100340,100381
100840,100664,100642,100415,100430,100340,100381,100336
100664,100642,100415,100430,100340,100381,100336,100218
100642,100415,100430,100340,100381,100336,100218,100346
100415,100430,100340,100381,100336,100218,100346,100491
100430,100340,100381,100336,100218,100346,100491,100271
100340,100381,100336,100218,100346,100491,100271,100585
100381,100336,100218,100346,100491,100271,100585,100660
100336,100218,100346,100491,100271,100585,100660,100708
100218,100346,100491,100271,100585,100660,100708,100972
100346,100491,100271,100585,100660,100708,100972,100651
100491,100271,100585,100660,100708,100972,100651,101107
100271,100585,100660,100708,100972,100651,101107,101229
100585,100660,100708,100972,100651,101107,101229,101266
100660,100708,100972,100651,101107,101229,101266,101407
100708,100972,100651,101107,101229,101266,101407,101565
100972,100651,101107,101229,101266,101407,101565,101607
100651,101107,101229,101266,101407,101565,101607,101710
101107,101229,101266,101407,101565,101607,101710,101804
101229,101266,101407,101565,101607,101710,101804,101963
101266,101407,101565,101607,101710,101804,101963,102299
101407,101565,101607,101710,101804,101963,102299,102151
101565,101607,101710,101804,101963,102299,102151,102234
101607,101710,101804,101963,102299,102151,102234,102762
101710,101804,101963,102299,102151,102234,102762,102855
101804,101963,102299,102151,102234,102762,102855,102874
101963,102299,102151,102234,102762,102855,102874,102771
102299,102151,102234,102762,102855,102874,102771,103000
102151,102234,102762,102855,102874,102771,103000,103000
102234,102762,102855,102874,102771,103000,103000,103000
102762,102855,102874,102771,103000,103000,103000,103000
102855,102874,102771,103000,103000,103000,103000,103000
102874,102771,103000,103000,103000,103000,103000,103000
102771,103000,103000,103000,103000,103000,103000,106000
103000,103000,103000,103000,103000,103000,106000,106000
103000,103000,103000,103000,103000,106000,106000,106000
103000,103000,103000,103000,106000,106000,106000,106000
103000,103000,103000,106000,106000,106000,106000,106000
103000,103000,106000,106000,106000,106000,106000,106000
103000,106000,106000,106000,106000,106000,106000,106000
106000,106000,106000,106000,106000,106000,106000,106000
106000,106000,106000,106000,106000,106000,106000,106000
106000,106000,106000,106000,106000,106000,106000,106000
106000,106000,106000,106000,106000,106000,106000,106000
106000,106000,106000,106000,106000,106000,106000,106000
106000,106000,106000,106000,106000,106000,106000,106000
106000,106000,106000,106000,106000,106000,106000,106000
106000,106000,106000,106000,106000,106000,106000,106000
106000,106000,106000,106000,106000,106000,106000,106000
106000,106000,106000,106000,106000,106000,106000,106000
106000,106000,106000,106000,106000,106000,106000,106000
106000,106000,106000,106000,106000,106000,106000,106000
106000,106000,106000,106000,106000,106000,106000,106000
106000,106000,106000,106000,106000,106000,106000,106000
106000,106000,106000,106000,106000,106000,106000,106000
106000,106000,106000,106000,106000,106000,106000,106000
106000,106000,106000,106000,106000,106000,106000,106000
106000,106000,106000,106000,106000,106000,106000,106000
106000,106000,106000,106000,106000,106000,106000,106000
106000,106000,106000,106000,106000,106000,106000,106000
106000,106000,106000,106000,106000,106000,106000,106000
106000,106000,106000,106000,106000,106000,106000,106000
106000,106000,106000,106000,106000,106000,106000,106000
106000,106000,106000,106000,106000,106000,106000,106000
106000,106000,106000,106000,106000,106000,106000,106000
106000,106000,106000,106000,106000,106000,106000,106000
106000,106000,106000,106000,106000,106000,106000,106000
106000,106000,106000,106000,106000,106000,106000,106000
106000,106000,106000,106000,106000,106000,106000,114000
106000,106000,106000,106000,106000,106000,114000,114000
106000,106000,106000,106000,106000,114000,114000,114000
106000,106000,106000,106000,114000,114000,114000,115000
106000,106000,106000,114000,114000,114000,115000,115000
106000,106000,114000,114000,114000,115000,115000,115000
106000,114000,114000,114000,115000,115000,115000,115000
114000,114000,114000,115000,115000,115000,115000,115000
114000,114000,115000,115000,115000,115000,115000,115000
114000,115000,115000,115000,115000,115000,115000,115000
115000,115000,115000,115000,115000,115000,115000,115000
115000,115000,115000,115000,115000,115000,115000,115000
115000,115000,115000,115000,115000,115000,115000,115000
115000,115000,115000,115000,115000,115000,115000,115000
115000,115000,115000,115000,115000,115000,115000,115000
115000,115000,115000,115000,115000,115000,115000,115000
115000,115000,115000,115000,115000,115000,115000,115000
115000,115000,115000,115000,115000,115000,115000,115000
115000,115000,115000,115000,115000,115000,115000,115000
115000,115000,115000,115000,115000,115000,115000,115000
115000,115000,115000,115000,115000,115000,115000,115000
115000,115000,115000,115000,115000,115000,115000,115000
115000,115000,115000,115000,115000,115000,115000,115000
115000,115000,115000,115000,115000,115000,115000,115000
115000,115000,115000,115000,115000,115000,115000,115000
115000,115000,115000,115000,115000,115000,115000,115000
115000,115000,115000,115000,115000,115000,115000,115000
115000,115000,115000,115000,115000,115000,115000,115000
115000,115000,115000,115000,115000,115000,115000,115000
115000,115000,115000,115000,115000,115000,115000,115000
115000,115000,115000,115000,115000,115000,115000,115000
115000,115000,115000,115000,115000,115000,115000,115000
115000,115000,115000,115000,115000,115000,115000,115000
115000,115000,115000,115000,115000,115000,115000,115000
115000,115000,115000,115000,115000,115000,115000,115000
115000,115000,115000,115000,115000,115000,115000,115000
115000,115000,115000,115000,115000,115000,115000,115000
115000,115000,115000,115000,115000,115000,115000,115000
115000,115000,115000,115000,115000,115000,115000,115000
115000,115000,115000,115000,115000,115000,115000,115000
115000,115000,115000,115000,115000,115000,115000,115000
115000,115000,115000,115000,115000,115000,115000,115000
115000,115000,115000,115000,115000,115000,115000,115000
115000,115000,115000,115000,115000,115000,115000,115000
115000,115000,115000,115000,115000,115000,115000,115000
115000,115000,115000,115000,115000,115000,115000,115000
115000,115000,115000,115000,115000,115000,115000,115000
115000,115000,115000,115000,115000,115000,115000,115000
115000,115000,115000,115000,115000,115000,115000,115000
115000,115000,115000,115000,115000,115000,115000,115000
115000,115000,115000,115000,115000,115000,115000,112000
115000,115000,115000,115000,115000,115000,112000,112000
115000,115000,115000,115000,115000,112000,112000,112000
115000,115000,115000,115000,112000,112000,112000,112000
115000,115000,115000,112000,112000,112000,112000,112000
115000,115000,112000,112000,112000,112000,112000,110000
115000,112000,112000,112000,112000,112000,110000,110000
112000,112000,112000,112000,112000,110000,110000,110000
112000,112000,112000,112000,110000,110000,110000,110000
112000,112000,112000,110000,110000,110000,110000,110000
112000,112000,110000,110000,110000,110000,110000,110000
112000,110000,110000,110000,110000,110000,110000,110000
110000,110000,110000,110000,110000,110000,110000,110000
110000,110000,110000,110000,110000,110000,110000,110000
110000,110000,110000,110000,110000,110000,110000,110000
110000,110000,110000,110000,110000,110000,110000,110000
110000,110000,110000,110000,110000,110000,110000,110000
110000,110000,110000,110000,110000,110000,110000,110000
110000,110000,110000,110000,110000,110000,110000,110000
110000,110000,110000,110000,110000,110000,110000,110000
110000,110000,110000,110000,110000,110000,110000,110000
110000,110000,110000,110000,110000,110000,110000,110000
110000,110000,110000,110000,110000,110000,110000,110000
110000,110000,110000,110000,110000,110000,110000,110000
110000,110000,110000,110000,110000,110000,110000,110000
110000,110000,110000,110000,110000,110000,110000,110000
110000,110000,110000,110000,110000,110000,110000,110000
110000,110000,110000,110000,110000,110000,110000,110000
110000,110000,110000,110000,110000,110000,110000,110000
110000,110000,110000,110000,110000,110000,110000,110000
110000,110000,110000,110000,110000,110000,110000,110000
110000,110000,110000,110000,110000,110000,110000,110000
110000,110000,110000,110000,110000,110000,110000,110000
110000,110000,110000,110000,110000,110000,110000,110000
110000,110000,110000,110000,110000,110000,110000,110000
110000,110000,110000,110000,110000,110000,110000,110000
110000,110000,110000,110000,110000,110000,110000,110000
110000,110000,110000,110000,110000,110000,110000,110000
110000,110000,110000,110000,110000,110000,110000,110000
110000,110000,110000,110000,110000,110000,110000,110000
110000,110000,110000,110000,110000,110000,110000,110000
110000,110000,110000,110000,110000,110000,110000,110000
110000,110000,110000,110000,110000,110000,110000,110000
110000,110000,110000,110000,110000,110000,110000,110000
110000,110000,110000,110000,110000,110000,110000,110000
110000,110000,110000,110000,110000,110000,110000,110000
110000,110000,110000,110000,110000,110000,110000,110000
110000,110000,110000,110000,110000,110000,110000,110000
110000,110000,110000,110000,110000,110000,110000,110000
110000,110000,110000,110000,110000,110000,110000,110000
110000,110000,110000,110000,110000,110000,110000,110000
110000,110000,110000,110000,110000,110000,110000,110000
110000,110000,110000,110000,110000,110000,110000,110000
110000,110000,110000,110000,110000,110000,110000,110000
110000,110000,110000,110000,110000,110000,110000,110000
110000,110000,110000,110000,110000,110000,110000,110000
110000,110000,110000,110000,110000,110000,110000,110000
110000,110000,110000,110000,110000,110000,110000,110000
110000,110000,110000,110000,110000,110000,110000,110000
110000,110000,110000,110000,110000,110000,110000,110000
110000,110000,110000,110000,110000,110000,110000,110000
110000,110000,110000,110000,110000,110000,110000,110000
110000,110000,110000,110000,110000,110000,110000,110000
110000,110000,110000,110000,110000,110000,110000,110000
110000,110000,110000,110000,110000,110000,110000,110000
110000,110000,110000,110000,110000,110000,110000,110000
110000,110000,110000,110000,110000,110000,110000,110000
110000,110000,110000,110000,110000,110000,110000,110000
110000,110000,110000,110000,110000,110000,110000,110000
110000,110000,110000,110000,110000,110000,110000,110000
110000,110000,110000,110000,110000,110000,110000,110000
110000,110000,110000,110000,110000,110000,110000,110000
110000,110000,110000,110000,110000,110000,110000,110000
110000,110000,110000,110000,110000,110000,110000,110000
110000,110000,110000,110000,110000,110000,110000,110000
110000,110000,110000,110000,110000,110000,110000,110000
110000,110000,110000,110000,110000,110000,110000,110000
110000,110000,110000,110000,110000,110000,110000,110000
110000,110000,110000,110000,110000,110000,110000,110000
110000,110000,110000,110000,110000,110000,110000,115000
110000,110000,110000,110000,110000,110000,115000,110000
110000,110000,110000,110000,110000,115000,110000,110000
110000,110000,110000,110000,115000,110000,110000,110000
110000,110000,110000,115000,110000,110000,110000,110000
110000,110000,115000,110000,110000,110000,110000,110000
110000,115000,110000,110000,110000,110000,110000,110000
115000,110000,110000,110000,110000,110000,110000,110000
110000,110000,110000,110000,110000,110000,110000,115000
110000,110000,110000,110000,110000,110000,115000,110000
110000,110000,110000,110000,110000,115000,110000,110000
110000,110000,110000,110000,115000,110000,110000,110000
110000,110000,110000,115000,110000,110000,110000,110000
110000,110000,115000,110000,110000,110000,110000,110000
110000,115000,110000,110000,110000,110000,110000,110000
115000,110000,110000,110000,110000,110000,110000,110000
110000,110000,110000,110000,110000,110000,110000,110000
110000,110000,110000,110000,110000,110000,110000,110000
110000,110000,110000,110000,110000,110000,110000,110000
110000,110000,110000,110000,110000,110000,110000,110000
110000,110000,110000,110000,110000,110000,110000,110000
110000,110000,110000,110000,110000,110000,110000,110000
110000,110000,110000,110000,110000,110000,110000,110000
110000,110000,110000,110000,110000,110000,110000,110000
110000,110000,110000,110000,110000,110000,110000,110000
110000,110000,110000,110000,110000,110000,110000,110000
110000,110000,110000,110000,110000,110000,110000,110000
110000,110000,110000,110000,110000,110000,110000,110000
110000,110000,110000,110000,110000,110000,110000,110000
110000,110000,110000,110000,110000,110000,110000,110000
110000,110000,110000,110000,110000,110000,110000,110000
110000,110000,110000,110000,110000,110000,110000,110000
110000,110000,110000,110000,110000,110000,110000,110000
110000,110000,110000,110000,110000,110000,110000,110000
110000,110000,110000,110000,110000,110000,110000,110000
110000,110000,110000,110000,110000,110000,110000,110000
110000,110000,110000,110000,110000,110000,110000,110000
110000,110000,110000,110000,110000,110000,110000,110000
110000,110000,110000,110000,110000,110000,110000,110000
110000,110000,110000,110000,110000,110000,110000,110000
110000,110000,110000,110000,110000,110000,110000,110000
110000,110000,110000,110000,110000,110000,110000,110000
110000,110000,110000,110000,110000,110000,110000,110000
110000,110000,110000,110000,110000,110000,110000,110000
110000,110000,110000,110000,110000,110000,110000,110000
110000,110000,110000,110000,110000,110000,110000,110000
110000,110000,110000,110000,110000,110000,110000,110000
110000,110000,110000,110000,110000,110000,110000,110000
110000,110000,110000,110000,110000,110000,110000,110000
110000,110000,110000,110000,110000,110000,110000,110000
110000,110000,110000,110000,110000,110000,110000,110000
110000,110000,110000,110000,110000,110000,110000,110000
110000,110000,110000,110000,110000,110000,110000,110000
110000,110000,110000,110000,110000,110000,110000,110000
110000,110000,110000,110000,110000,110000,110000,110000
110000,110000,110000,110000,110000,110000,110000,110000
110000,110000,110000,110000,110000,110000,110000,110000
110000,110000,110000,110000,110000,110000,110000,110000
110000,110000,110000,110000,110000,110000,110000,110000
110000,110000,110000,110000,110000,110000,110000,110000
110000,110000,110000,110000,110000,110000,110000,110000
110000,110000,110000,110000,110000,110000,110000,110000
110000,110000,110000,110000,110000,110000,110000,110000
110000,110000,110000,110000,110000,110000,110000,110000
110000,110000,110000,110000,110000,110000,110000,110000
110000,110000,110000,110000,110000,110000,110000,110000
110000,110000,110000,110000,110000,110000,110000,110000
110000,110000,110000,110000,110000,110000,110000,110000
110000,110000,110000,110000,110000,110000,110000,110000
110000,110000,110000,110000,110000,110000,110000,110000
110000,110000,110000,110000,110000,110000,110000,110000
110000,110000,110000,110000,110000,110000,110000,110000
110000,110000,110000,110000,110000,110000,110000,110000
110000,110000,110000,110000,110000,110000,110000,110000
110000,110000,110000,110000,110000,110000,110000,110000
110000,110000,110000,110000,110000,110000,110000,110000
110000,110000,110000,110000,110000,110000,110000,110000
110000,110000,110000,110000,110000,110000,110000,110000
110000,110000,110000,110000,110000,110000,110000,110000
110000,110000,110000,110000,110000,110000,110000,110000
110000,110000,110000,110000,110000,110000,110000,110000
110000,110000,110000,110000,110000,110000,110000,110000
110000,110000,110000,110000,110000,110000,110000,110000
110000,110000,110000,110000,110000,110000,110000,110000
110000,110000,110000,110000,110000,110000,110000,110000
110000,110000,110000,110000,110000,110000,110000,110000
110000,110000,110000,110000,110000,110000,110000,110000
110000,110000,110000,110000,110000,110000,110000,110000
110000,110000,110000,110000,110000,110000,110000,110000
110000,110000,110000,110000,110000,110000,110000,110000
110000,110000,110000,110000,110000,110000,110000,110000
110000,110000,110000,110000,110000,110000,110000,110000
110000,110000,110000,110000,110000,110000,110000,110000
110000,110000,110000,110000,110000,110000,110000,110000
110000,110000,110000,110000,110000,110000,110000,110000
110000,110000,110000,110000,110000,110000,110000,110000
110000,110000,110000,110000,110000,110000,110000,110000
110000,110000,110000,110000,110000,110000,110000,110000
110000,110000,110000,110000,110000,110000,110000,110000
110000,110000,110000,110000,110000,110000,110000,110000
110000,110000,110000,110000,110000,110000,110000,110000
110000,110000,110000,110000,110000,110000,110000,110000
110000,110000,110000,110000,110000,110000,110000,110000
110000,110000,110000,110000,110000,110000,110000,110000
110000,110000,110000,110000,110000,110000,110000,110000
110000,110000,110000,110000,110000,110000,110000,110000
110000,110000,110000,110000,110000,110000,110000,110000
110000,110000,110000,110000,110000,110000,110000,110000
110000,110000,110000,110000,110000,110000,110000,110000
110000,110000,110000,110000,110000,110000,110000,110000
110000,110000,110000,110000,110000,110000,110000,110000
110000,110000,110000,110000,110000,110000,110000,110000
110000,110000,110000,110000,110000,110000,110000,110000
110000,110000,110000,110000,110000,110000,110000,110000
110000,110000,110000,110000,110000,110000,110000,110000
110000,110000,110000,110000,110000,110000,110000,110000
110000,110000,110000,110000,110000,110000,110000,110000
110000,110000,110000,110000,110000,110000,110000,110000
110000,110000,110000,110000,110000,110000,110000,110000
110000,110000,110000,110000,110000,110000,110000,110000
110000,110000,110000,110000,110000,110000,110000,110000
110000,110000,110000,110000,110000,110000,110000,110000
110000,110000,110000,110000,110000,110000,110000,110000
110000,110000,110000,110000,110000,110000,110000,110000
110000,110000,110000,110000,110000,110000,110000,110000
110000,110000,110000,110000,110000,110000,110000,110000
110000,110000,110000,110000,110000,110000,110000,110000
110000,110000,110000,110000,110000,110000,110000,110000
110000,110000,110000,110000,110000,110000,110000,110000
110000,110000,110000,110000,110000,110000,110000,110000
110000,110000,110000,110000,110000,110000,110000,110000
110000,110000,110000,110000,110000,110000,110000,110000
110000,110000,110000,110000,110000,110000,110000,110000
110000,110000,110000,110000,110000,110000,110000,110000
110000,110000,110000,110000,110000,110000,110000,110000
110000,110000,110000,110000,110000,110000,110000,110000
110000,110000,110000,110000,110000,110000,110000,110000
110000,110000,110000,110000,110000,110000,110000,110000
110000,110000,110000,110000,110000,110000,110000,110000
110000,110000,110000,110000,110000,110000,110000,110000
110000,110000,110000,110000,110000,110000,110000,110000
110000,110000,110000,110000,110000,110000,110000,110000
110000,110000,110000,110000,110000,110000,110000,110000
110000,110000,110000,110000,110000,110000,110000,110000
110000,110000,110000,110000,110000,110000,110000,110000
110000,110000,110000,110000,110000,110000,110000,110000
110000,110000,110000,110000,110000,110000,110000,110000
110000,110000,110000,110000,110000,110000,110000,110000
110000,110000,110000,110000,110000,110000,110000,110000
110000,110000,110000,110000,110000,110000,110000,110000
110000,110000,110000,110000,110000,110000,110000,110000
110000,110000,110000,110000,110000,110000,110000,110000
110000,110000,110000,110000,110000,110000,110000,110000
110000,110000,110000,110000,110000,110000,110000,110000
110000,110000,110000,110000,110000,110000,110000,110000
110000,110000,110000,110000,110000,110000,110000,110000
110000,110000,110000,110000,110000,110000,110000,110000
110000,110000,110000,110000,110000,110000,110000,115000
110000,110000,110000,110000,110000,110000,115000,110000
110000,110000,110000,110000,110000,115000,110000,110000
110000,110000,110000,110000,115000,110000,110000,110000
110000,110000,110000,115000,110000,110000,110000,110000
110000,110000,115000,110000,110000,110000,110000,110000
110000,115000,110000,110000,110000,110000,110000,110000
115000,110000,110000,110000,110000,110000,110000,110000
110000,110000,110000,110000,110000,110000,110000,110000
110000,110000,110000,110000,110000,110000,110000,110000
110000,110000,110000,110000,110000,110000,110000,110000
110000,110000,110000,110000,110000,110000,110000,110000
110000,110000,110000,110000,110000,110000,110000,110000
110000,110000,110000,110000,110000,110000,110000,110000
110000,110000,110000,110000,110000,110000,110000,110000
110000,110000,110000,110000,110000,110000,110000,110000
110000,110000,110000,110000,110000,110000,110000,110000
110000,110000,110000,110000,110000,110000,110000,110000
110000,110000,110000,110000,110000,110000,110000,110000
110000,110000,110000,110000,110000,110000,110000,110000
110000,110000,110000,110000,110000,110000,110000,110000
110000,110000,110000,110000,110000,110000,110000,110000
110000,110000,110000,110000,110000,110000,110000,110000
110000,110000,110000,110000,110000,110000,110000,110000
110000,110000,110000,110000,110000,110000,110000,110000
110000,110000,110000,110000,110000,110000,110000,110000
110000,110000,110000,110000,110000,110000,110000,110000
110000,110000,110000,110000,110000,110000,110000,110000
110000,110000,110000,110000,110000,110000,110000,110000
110000,110000,110000,110000,110000,110000,110000,110000
110000,110000,110000,110000,110000,110000,110000,110000
110000,110000,110000,110000,110000,110000,110000,110000
110000,110000,110000,110000,110000,110000,110000,110000
110000,110000,110000,110000,110000,110000,110000,110000
110000,110000,110000,110000,110000,110000,110000,110000
110000,110000,110000,110000,110000,110000,110000,110000
110000,110000,110000,110000,110000,110000,110000,110000
110000,110000,110000,110000,110000,110000,110000,110000
110000,110000,110000,110000,110000,110000,110000,110000
110000,110000,110000,110000,110000,110000,110000,105444
110000,110000,110000,110000,110000,110000,105444,105287
110000,110000,110000,110000,110000,105444,105287,105372
110000,110000,110000,110000,105444,105287,105372,105301
110000,110000,110000,105444,105287,105372,105301,105486
110000,110000,105444,105287,105372,105301,105486,105343
110000,105444,105287,105372,105301,105486,105343,104675
105444,105287,105372,105301,105486,105343,104675,105519
105287,105372,105301,105486,105343,104675,105519,105532
105372,105301,105486,105343,104675,105519,105532,105432
105301,105486,105343,104675,105519,105532,105432,105369
105486,105343,104675,105519,105532,105432,105369,104262
105343,104675,105519,105532,105432,105369,104262,105043
104675,105519,105532,105432,105369,104262,105043,105231
105519,105532,105432,105369,104262,105043,105231,104991
105532,105432,105369,104262,105043,105231,104991,105144
105432,105369,104262,105043,105231,104991,105144,105233
105369,104262,105043,105231,104991,105144,105233,105216
104262,105043,105231,104991,105144,105233,105216,105415
105043,105231,104991,105144,105233,105216,105415,105335
105231,104991,105144,105233,105216,105415,105335,105206
104991,105144,105233,105216,105415,105335,105206,105150
105144,105233,105216,105415,105335,105206,105150,105275
105233,105216,105415,105335,105206,105150,105275,105254
105216,105415,105335,105206,105150,105275,105254,105126
105415,105335,105206,105150,105275,105254,105126,105178
105335,105206,105150,105275,105254,105126,105178,105301
105206,105150,105275,105254,105126,105178,105301,105129
105150,105275,105254,105126,105178,105301,105129,105320
105275,105254,105126,105178,105301,105129,105320,105393
105254,105126,105178,105301,105129,105320,105393,105404
105126,105178,105301,105129,105320,105393,105404,105405
105178,105301,105129,105320,105393,105404,105405,105516
105301,105129,105320,105393,105404,105405,105516,105609
105129,105320,105393,105404,105405,105516,105609,105538
105320,105393,105404,105405,105516,105609,105538,105400
105393,105404,105405,105516,105609,105538,105400,105335
105404,105405,105516,105609,105538,105400,105335,105564
105405,105516,105609,105538,105400,105335,105564,105542
105516,105609,105538,105400,105335,105564,105542,105788
105609,105538,105400,105335,105564,105542,105788,105727
105538,105400,105335,105564,105542,105788,105727,105965
105400,105335,105564,105542,105788,105727,105965,105525
105335,105564,105542,105788,105727,105965,105525,105799
105564,105542,105788,105727,105965,105525,105799,105503
105542,105788,105727,105965,105525,105799,105503,105400
105788,105727,105965,105525,105799,105503,105400,105454
105727,105965,105525,105799,105503,105400,105454,105490
105965,105525,105799,105503,105400,105454,105490,105585
105525,105799,105503,105400,105454,105490,105585,105449
105799,105503,105400,105454,105490,105585,105449,105399
105503,105400,105454,105490,105585,105449,105399,104555
105400,105454,105490,105585,105449,105399,104555,105477
105454,105490,105585,105449,105399,104555,105477,105603
105490,105585,105449,105399,104555,105477,105603,105512
105585,105449,105399,104555,105477,105603,105512,105740
105449,105399,104555,105477,105603,105512,105740,105574
105399,104555,105477,105603,105512,105740,105574,105826
104555,105477,105603,105512,105740,105574,105826,105740
105477,105603,105512,105740,105574,105826,105740,105729
105603,105512,105740,105574,105826,105740,105729,105963
105512,105740,105574,105826,105740,105729,105963,105790
105740,105574,105826,105740,105729,105963,105790,105804
105574,105826,105740,105729,105963,105790,105804,105816
105826,105740,105729,105963,105790,105804,105816,105680
105740,105729,105963,105790,105804,105816,105680,105677
105729,105963,105790,105804,105816,105680,105677,105593
105963,105790,105804,105816,105680,105677,105593,105628
105790,105804,105816,105680,105677,105593,105628,105590
105804,105816,105680,105677,105593,105628,105590,105568
105816,105680,105677,105593,105628,105590,105568,105609
105680,105677,105593,105628,105590,105568,105609,105596
105677,105593,105628,105590,105568,105609,105596,105591
105593,105628,105590,105568,105609,105596,105591,105709
105628,105590,105568,105609,105596,105591,105709,105753
105590,105568,105609,105596,105591,105709,105753,105708
105568,105609,105596,105591,105709,105753,105708,105762
105609,105596,105591,105709,105753,105708,105762,105671
105596,105591,105709,105753,105708,105762,105671,105594
105591,105709,105753,105708,105762,105671,105594,105473
105709,105753,105708,105762,105671,105594,105473,105346
105753,105708,105762,105671,105594,105473,105346,105477
105708,105762,105671,105594,105473,105346,105477,105490
105762,105671,105594,105473,105346,105477,105490,105535
105671,105594,105473,105346,105477,105490,105535,105486
105594,105473,105346,105477,105490,105535,105486,105447
105473,105346,105477,105490,105535,105486,105447,105357
105346,105477,105490,105535,105486,105447,105357,105296
105477,105490,105535,105486,105447,105357,105296,105602
105490,105535,105486,105447,105357,105296,105602,105343
105535,105486,105447,105357,105296,105602,105343,105232
105486,105447,105357,105296,105602,105343,105232,105351
105447,105357,105296,105602,105343,105232,105351,105314
105357,105296,105602,105343,105232,105351,105314,105367
105296,105602,105343,105232,105351,105314,105367,105570
105602,105343,105232,105351,105314,105367,105570,105655
105343,105232,105351,105314,105367,105570,105655,105556
105232,105351,105314,105367,105570,105655,105556,105508
105351,105314,105367,105570,105655,105556,105508,105544
105314,105367,105570,105655,105556,105508,105544,105429
105367,105570,105655,105556,105508,105544,105429,105286
105570,105655,105556,105508,105544,105429,105286,105197
105655,105556,105508,105544,105429,105286,105197,105339
105556,105508,105544,105429,105286,105197,105339,105280
105508,105544,105429,105286,105197,105339,105280,105348
105544,105429,105286,105197,105339,105280,105348,105261
105429,105286,105197,105339,105280,105348,105261,105257
105286,105197,105339,105280,105348,105261,105257,104671
105197,105339,105280,105348,105261,105257,104671,105205
105339,105280,105348,105261,105257,104671,105205,105216
105280,105348,105261,105257,104671,105205,105216,105231
105348,105261,105257,104671,105205,105216,105231,105313
105261,105257,104671,105205,105216,105231,105313,105145
105257,104671,105205,105216,105231,105313,105145,105279
104671,105205,105216,105231,105313,105145,105279,105325
105205,105216,105231,105313,105145,105279,105325,105257
105216,105231,105313,105145,105279,105325,105257,105339
105231,105313,105145,105279,105325,105257,105339,105298
105313,105145,105279,105325,105257,105339,105298,105494
105145,105279,105325,105257,105339,105298,105494,105542
105279,105325,105257,105339,105298,105494,105542,105451
105325,105257,105339,105298,105494,105542,105451,105451
105257,105339,105298,105494,105542,105451,105451,105518
105339,105298,105494,105542,105451,105451,105518,105548
105298,105494,105542,105451,105451,105518,105548,105447
105494,105542,105451,105451,105518,105548,105447,105457
105542,105451,105451,105518,105548,105447,105457,105505
105451,105451,105518,105548,105447,105457,105505,105427
105451,105518,105548,105447,105457,105505,105427,105432
105518,105548,105447,105457,105505,105427,105432,105638
105548,105447,105457,105505,105427,105432,105638,105707
105447,105457,105505,105427,105432,105638,105707,105632
105457,105505,105427,105432,105638,105707,105632,105684
105505,105427,105432,105638,105707,105632,105684,105620
105427,105432,105638,105707,105632,105684,105620,105779
105432,105638,105707,105632,105684,105620,105779,105598
105638,105707,105632,105684,105620,105779,105598,105672
105707,105632,105684,105620,105779,105598,105672,105787
105632,105684,105620,105779,105598,105672,105787,105766
105684,105620,105779,105598,105672,105787,105766,105917
105620,105779,105598,105672,105787,105766,105917,105733
105779,105598,105672,105787,105766,105917,105733,105842
105598,105672,105787,105766,105917,105733,105842,104914
105672,105787,105766,105917,105733,105842,104914,105779
105787,105766,105917,105733,105842,104914,105779,105889
105766,105917,105733,105842,104914,105779,105889,106156
105917,105733,105842,104914,105779,105889,106156,106254
105733,105842,104914,105779,105889,106156,106254,106271
105842,104914,105779,105889,106156,106254,106271,106318
104914,105779,105889,106156,106254,106271,106318,106162
105779,105889,106156,106254,106271,106318,106162,105997
105889,106156,106254,106271,106318,106162,105997,106083
106156,106254,106271,106318,106162,105997,106083,106040
106254,106271,106318,106162,105997,106083,106040,105971
106271,106318,106162,105997,106083,106040,105971,106015
106318,106162,105997,106083,106040,105971,106015,106428
106162,105997,106083,106040,105971,106015,106428,106669
105997,106083,106040,105971,106015,106428,106669,106632
106083,106040,105971,106015,106428,106669,106632,106560
106040,105971,106015,106428,106669,106632,106560,106519
105971,106015,106428,106669,106632,106560,106519,106773
106015,106428,106669,106632,106560,106519,106773,106803
106428,106669,106632,106560,106519,106773,106803,106739
106669,106632,106560,106519,106773,106803,106739,106786
106632,106560,106519,106773,106803,106739,106786,106751
106560,106519,106773,106803,106739,106786,106751,106760
106519,106773,106803,106739,106786,106751,106760,107045
106773,106803,106739,106786,106751,106760,107045,107083
106803,106739,106786,106751,106760,107045,107083,107145
106739,106786,106751,106760,107045,107083,107145,107842
106786,106751,106760,107045,107083,107145,107842,108014
106751,106760,107045,107083,107145,107842,108014,107646
106760,107045,107083,107145,107842,108014,107646,108962
107045,107083,107145,107842,108014,107646,108962,110076
107083,107145,107842,108014,107646,108962,110076,112576
107145,107842,108014,107646,108962,110076,112576,112699
107842,108014,107646,108962,110076,112576,112699,111418
108014,107646,108962,110076,112576,112699,111418,111359
107646,108962,110076,112576,112699,111418,111359,111088
108962,110076,112576,112699,111418,111359,111088,109719
110076,112576,112699,111418,111359,111088,109719,110497
112576,112699,111418,111359,111088,109719,110497,109989
112699,111418,111359,111088,109719,110497,109989,110735
111418,111359,111088,109719,110497,109989,110735,109078
111359,111088,109719,110497,109989,110735,109078,108772
111088,109719,110497,109989,110735,109078,108772,108497
109719,110497,109989,110735,109078,108772,108497,108265
110497,109989,110735,109078,108772,108497,108265,107867
109989,110735,109078,108772,108497,108265,107867,107940
110735,109078,108772,108497,108265,107867,107940,107683
109078,108772,108497,108265,107867,107940,107683,107385
108772,108497,108265,107867,107940,107683,107385,107424
108497,108265,107867,107940,107683,107385,107424,107359
108265,107867,107940,107683,107385,107424,107359,107472
107867,107940,107683,107385,107424,107359,107472,107536
107940,107683,107385,107424,107359,107472,107536,107463
107683,107385,107424,107359,107472,107536,107463,107471
107385,107424,107359,107472,107536,107463,107471,107387
107424,107359,107472,107536,107463,107471,107387,107532
107359,107472,107536,107463,107471,107387,107532,107480
107472,107536,107463,107471,107387,107532,107480,107384
107536,107463,107471,107387,107532,107480,107384,107160
107463,107471,107387,107532,107480,107384,107160,107265
107471,107387,107532,107480,107384,107160,107265,107187
107387,107532,107480,107384,107160,107265,107187,107332
107532,107480,107384,107160,107265,107187,107332,107222
107480,107384,107160,107265,107187,107332,107222,107187
107384,107160,107265,107187,107332,107222,107187,107338
107160,107265,107187,107332,107222,107187,107338,107217
107265,107187,107332,107222,107187,107338,107217,107386
107187,107332,107222,107187,107338,107217,107386,107071
107332,107222,107187,107338,107217,107386,107071,106996
107222,107187,107338,107217,107386,107071,106996,106927
107187,107338,107217,107386,107071,106996,106927,106913
107338,107217,107386,107071,106996,106927,106913,106272
107217,107386,107071,106996,106927,106913,106272,107078
107386,107071,106996,106927,106913,106272,107078,107368
107071,106996,106927,106913,106272,107078,107368,107026
106996,106927,106913,106272,107078,107368,107026,107164
106927,106913,106272,107078,107368,107026,107164,107170
106913,106272,107078,107368,107026,107164,107170,107190
106272,107078,107368,107026,107164,107170,107190,107203
107078,107368,107026,107164,107170,107190,107203,107103
107368,107026,107164,107170,107190,107203,107103,107104
107026,107164,107170,107190,107203,107103,107104,107224
107164,107170,107190,107203,107103,107104,107224,107293
107170,107190,107203,107103,107104,107224,107293,107183
107190,107203,107103,107104,107224,107293,107183,107138
107203,107103,107104,107224,107293,107183,107138,107435
107103,107104,107224,107293,107183,107138,107435,107288
107104,107224,107293,107183,107138,107435,107288,106986
107224,107293,107183,107138,107435,107288,106986,107254
107293,107183,107138,107435,107288,106986,107254,107328
107183,107138,107435,107288,106986,107254,107328,106526
107138,107435,107288,106986,107254,107328,106526,107330
107435,107288,106986,107254,107328,106526,107330,107327
107288,106986,107254,107328,106526,107330,107327,107274
106986,107254,107328,106526,107330,107327,107274,107044
107254,107328,106526,107330,107327,107274,107044,107202
107328,106526,107330,107327,107274,107044,107202,106796
106526,107330,107327,107274,107044,107202,106796,107062
107330,107327,107274,107044,107202,106796,107062,106982
107327,107274,107044,107202,106796,107062,106982,107319
107274,107044,107202,106796,107062,106982,107319,107808
107044,107202,106796,107062,106982,107319,107808,107156
107202,106796,107062,106982,107319,107808,107156,107220
106796,107062,106982,107319,107808,107156,107220,107164
107062,106982,107319,107808,107156,107220,107164,106667
106982,107319,107808,107156,107220,107164,106667,106765
107319,107808,107156,107220,107164,106667,106765,106448
107808,107156,107220,107164,106667,106765,106448,106571
107156,107220,107164,106667,106765,106448,106571,106558
107220,107164,106667,106765,106448,106571,106558,106693
107164,106667,106765,106448,106571,106558,106693,106446
106667,106765,106448,106571,106558,106693,106446,106418
106765,106448,106571,106558,106693,106446,106418,106423
106448,106571,106558,106693,106446,106418,106423,106476
106571,106558,106693,106446,106418,106423,106476,106497
106558,106693,106446,106418,106423,106476,106497,106789
106693,106446,106418,106423,106476,106497,106789,106422
106446,106418,106423,106476,106497,106789,106422,105654
106418,106423,106476,106497,106789,106422,105654,106369
106423,106476,106497,106789,106422,105654,106369,106497
106476,106497,106789,106422,105654,106369,106497,106305
106497,106789,106422,105654,106369,106497,106305,106294
106789,106422,105654,106369,106497,106305,106294,106261
106422,105654,106369,106497,106305,106294,106261,106296
105654,106369,106497,106305,106294,106261,106296,106478
106369,106497,106305,106294,106261,106296,106478,106400
106497,106305,106294,106261,106296,106478,106400,106316
106305,106294,106261,106296,106478,106400,106316,106409
106294,106261,106296,106478,106400,106316,106409,106474
106261,106296,106478,106400,106316,106409,106474,106400
106296,106478,106400,106316,106409,106474,106400,106430
106478,106400,106316,106409,106474,106400,106430,106412
106400,106316,106409,106474,106400,106430,106412,106161
106316,106409,106474,106400,106430,106412,106161,106246
106409,106474,106400,106430,106412,106161,106246,106351
106474,106400,106430,106412,106161,106246,106351,106252
106400,106430,106412,106161,106246,106351,106252,106536
106430,106412,106161,106246,106351,106252,106536,106200
106412,106161,106246,106351,106252,106536,106200,106319
106161,106246,106351,106252,106536,106200,106319,106339
106246,106351,106252,106536,106200,106319,106339,106339
106351,106252,106536,106200,106319,106339,106339,106167
106252,106536,106200,106319,106339,106339,106167,106130
106536,106200,106319,106339,106339,106167,106130,106228
106200,106319,106339,106339,106167,106130,106228,106348
106319,106339,106339,106167,106130,106228,106348,106513
106339,106339,106167,106130,106228,106348,106513,106487
106339,106167,106130,106228,106348,106513,106487,106365
106167,106130,106228,106348,106513,106487,106365,106417
106130,106228,106348,106513,106487,106365,106417,106391
106228,106348,106513,106487,106365,106417,106391,106287
106348,106513,106487,106365,106417,106391,106287,106319
106513,106487,106365,106417,106391,106287,106319,106330
106487,106365,106417,106391,106287,106319,106330,106330
106365,106417,106391,106287,106319,106330,106330,106175
106417,106391,106287,106319,106330,106330,106175,105407
106391,106287,106319,106330,106330,106175,105407,106237
106287,106319,106330,106330,106175,105407,106237,106316
106319,106330,106330,106175,105407,106237,106316,106261
106330,106330,106175,105407,106237,106316,106261,106278
106330,106175,105407,106237,106316,106261,106278,106322
106175,105407,106237,106316,106261,106278,106322,106243
105407,106237,106316,106261,106278,106322,106243,106278
106237,106316,106261,106278,106322,106243,106278,106235
106316,106261,106278,106322,106243,106278,106235,106130
106261,106278,106322,106243,106278,106235,106130,106243
106278,106322,106243,106278,106235,106130,106243,106237
106322,106243,106278,106235,106130,106243,106237,106255
106243,106278,106235,106130,106243,106237,106255,106270
106278,106235,106130,106243,106237,106255,106270,106174
106235,106130,106243,106237,106255,106270,106174,106263
106130,106243,106237,106255,106270,106174,106263,106330
106243,106237,106255,106270,106174,106263,106330,106312
106237,106255,106270,106174,106263,106330,106312,106307
106255,106270,106174,106263,106330,106312,106307,106310
106270,106174,106263,106330,106312,106307,106310,106404
106174,106263,106330,106312,106307,106310,106404,106496
106263,106330,106312,106307,106310,106404,106496,106296
106330,106312,106307,106310,106404,106496,106296,106446
106312,106307,106310,106404,106496,106296,106446,106518
106307,106310,106404,106496,106296,106446,106518,106496
106310,106404,106496,106296,106446,106518,106496,106361
106404,106496,106296,106446,106518,106496,106361,106404
106496,106296,106446,106518,106496,106361,106404,106504
106296,106446,106518,106496,106361,106404,106504,106618
106446,106518,106496,106361,106404,106504,106618,106522
106518,106496,106361,106404,106504,106618,106522,106376
106496,106361,106404,106504,106618,106522,106376,106778
106361,106404,106504,106618,106522,106376,106778,106848
106404,106504,106618,106522,106376,106778,106848,106570
106504,106618,106522,106376,106778,106848,106570,106671
106618,106522,106376,106778,106848,106570,106671,106882
106522,106376,106778,106848,106570,106671,106882,106864
106376,106778,106848,106570,106671,106882,106864,106496
106778,106848,106570,106671,106882,106864,106496,106752
106848,106570,106671,106882,106864,106496,106752,106865
106570,106671,106882,106864,106496,106752,106865,106618
106671,106882,106864,106496,106752,106865,106618,106715
106882,106864,106496,106752,106865,106618,106715,106855
106864,106496,106752,106865,106618,106715,106855,106917
106496,106752,106865,106618,106715,106855,106917,106816
106752,106865,106618,106715,106855,106917,106816,106830
106865,106618,106715,106855,106917,106816,106830,106839
106618,106715,106855,106917,106816,106830,106839,106839
106715,106855,106917,106816,106830,106839,106839,106996
106855,106917,106816,106830,106839,106839,106996,106996
106917,106816,106830,106839,106839,106996,106996,106970
106816,106830,106839,106839,106996,106996,106970,107234
106830,106839,106839,106996,106996,106970,107234,107174
106839,106839,106996,106996,106970,107234,107174,107126
106839,106996,106996,106970,107234,107174,107126,106263
106996,106996,106970,107234,107174,107126,106263,107400
106996,106970,107234,107174,107126,106263,107400,107352
106970,107234,107174,107126,106263,107400,107352,107491
107234,107174,107126,106263,107400,107352,107491,107372
107174,107126,106263,107400,107352,107491,107372,107432
107126,106263,107400,107352,107491,107372,107432,107293
106263,107400,107352,107491,107372,107432,107293,107309
107400,107352,107491,107372,107432,107293,107309,107066
107352,107491,107372,107432,107293,107309,107066,107154
107491,107372,107432,107293,107309,107066,107154,107005
107372,107432,107293,107309,107066,107154,107005,107209
107432,107293,107309,107066,107154,107005,107209,110000
107293,107309,107066,107154,107005,107209,110000,110000
107309,107066,107154,107005,107209,110000,110000,110000
107066,107154,107005,107209,110000,110000,110000,110000
107154,107005,107209,110000,110000,110000,110000,110000
107005,107209,110000,110000,110000,110000,110000,110000
107209,110000,110000,110000,110000,110000,110000,110000
110000,110000,110000,110000,110000,110000,110000,110000
110000,110000,110000,110000,110000,110000,110000,110000
110000,110000,110000,110000,110000,110000,110000,110000
110000,110000,110000,110000,110000,110000,110000,110000
110000,110000,110000,110000,110000,110000,110000,110000
110000,110000,110000,110000,110000,110000,110000,110000
110000,110000,110000,110000,110000,110000,110000,110000
110000,110000,110000,110000,110000,110000,110000,110000
110000,110000,110000,110000,110000,110000,110000,110000
110000,110000,110000,110000,110000,110000,110000,110000
110000,110000,110000,110000,110000,110000,110000,110000
110000,110000,110000,110000,110000,110000,110000,110000
110000,110000,110000,110000,110000,110000,110000,110000
110000,110000,110000,110000,110000,110000,110000,110000
110000,110000,110000,110000,110000,110000,110000,110000
110000,110000,110000,110000,110000,110000,110000,110000
110000,110000,110000,110000,110000,110000,110000,110000
110000,110000,110000,110000,110000,110000,110000,110000
110000,110000,110000,110000,110000,110000,110000,110000
110000,110000,110000,110000,110000,110000,110000,110000
110000,110000,110000,110000,110000,110000,110000,110000
110000,110000,110000,110000,110000,110000,110000,110000
110000,110000,110000,110000,110000,110000,110000,110000
110000,110000,110000,110000,110000,110000,110000,110000
110000,110000,110000,110000,110000,110000,110000,110000
110000,110000,110000,110000,110000,110000,110000,110000
110000,110000,110000,110000,110000,110000,110000,110000
110000,110000,110000,110000,110000,110000,110000,110000
110000,110000,110000,110000,110000,110000,110000,115000
110000,110000,110000,110000,110000,110000,115000,110000
110000,110000,110000,110000,110000,115000,110000,110000
110000,110000,110000,110000,115000,110000,110000,110000
110000,110000,110000,115000,110000,110000,110000,110000
110000,110000,115000,110000,110000,110000,110000,110000
110000,115000,110000,110000,110000,110000,110000,110000
115000,110000,110000,110000,110000,110000,110000,110000
110000,110000,110000,110000,110000,110000,110000,110000
110000,110000,110000,110000,110000,110000,110000,110000
110000,110000,110000,110000,110000,110000,110000,110000
110000,110000,110000,110000,110000,110000,110000,110000
110000,110000,110000,110000,110000,110000,110000,110000
110000,110000,110000,110000,110000,110000,110000,110000
110000,110000,110000,110000,110000,110000,110000,110000
110000,110000,110000,110000,110000,110000,110000,110000
110000,110000,110000,110000,110000,110000,110000,110000
110000,110000,110000,110000,110000,110000,110000,110000
110000,110000,110000,110000,110000,110000,110000,110000
110000,110000,110000,110000,110000,110000,110000,110000
110000,110000,110000,110000,110000,110000,110000,110000
110000,110000,110000,110000,110000,110000,110000,110000
110000,110000,110000,110000,110000,110000,110000,110000
110000,110000,110000,110000,110000,110000,110000,110000
110000,110000,110000,110000,110000,110000,110000,110000
110000,110000,110000,110000,110000,110000,110000,110000
110000,110000,110000,110000,110000,110000,110000,110000
110000,110000,110000,110000,110000,110000,110000,110000
110000,110000,110000,110000,110000,110000,110000,110000
110000,110000,110000,110000,110000,110000,110000,110000
110000,110000,110000,110000,110000,110000,110000,110000
110000,110000,110000,110000,110000,110000,110000,110000
110000,110000,110000,110000,110000,110000,110000,110000
110000,110000,110000,110000,110000,110000,110000,110000
110000,110000,110000,110000,110000,110000,110000,110000
110000,110000,110000,110000,110000,110000,110000,110000
110000,110000,110000,110000,110000,110000,110000,110000
110000,110000,110000,110000,110000,110000,110000,110000
110000,110000,110000,110000,110000,110000,110000,110000
110000,110000,110000,110000,110000,110000,110000,110000
110000,110000,110000,110000,110000,110000,110000,110000
110000,110000,110000,110000,110000,110000,110000,110000
110000,110000,110000,110000,110000,110000,110000,110000
110000,110000,110000,110000,110000,110000,110000,110000
110000,110000,110000,110000,110000,110000,110000,110000
110000,110000,110000,110000,110000,110000,110000,110000
110000,110000,110000,110000,110000,110000,110000,110000
110000,110000,110000,110000,110000,110000,110000,110000
110000,110000,110000,110000,110000,110000,110000,110000
110000,110000,110000,110000,110000,110000,110000,110000
110000,110000,110000,110000,110000,110000,110000,110000
110000,110000,110000,110000,110000,110000,110000,110000
110000,110000,110000,110000,110000,110000,110000,110000
110000,110000,110000,110000,110000,110000,110000,110000
110000,110000,110000,110000,110000,110000,110000,110000
110000,110000,110000,110000,110000,110000,110000,110000
110000,110000,110000,110000,110000,110000,110000,110000
110000,110000,110000,110000,110000,110000,110000,110000
110000,110000,110000,110000,110000,110000,110000,110000
110000,110000,110000,110000,110000,110000,110000,110000
110000,110000,110000,110000,110000,110000,110000,110000
110000,110000,110000,110000,110000,110000,110000,110000
110000,110000,110000,110000,110000,110000,110000,110000
110000,110000,110000,110000,110000,110000,110000,110000
110000,110000,110000,110000,110000,110000,110000,110000
110000,110000,110000,110000,110000,110000,110000,110000
110000,110000,110000,110000,110000,110000,110000,110000
110000,110000,110000,110000,110000,110000,110000,110000
110000,110000,110000,110000,110000,110000,110000,110000
110000,110000,110000,110000,110000,110000,110000,110000
110000,110000,110000,110000,110000,110000,110000,110000
110000,110000,110000,110000,110000,110000,110000,110000
110000,110000,110000,110000,110000,110000,110000,110000
110000,110000,110000,110000,110000,110000,110000,110000
110000,110000,110000,110000,110000,110000,110000,110000
110000,110000,110000,110000,110000,110000,110000,110000
110000,110000,110000,110000,110000,110000,110000,110000
110000,110000,110000,110000,110000,110000,110000,110000
110000,110000,110000,110000,110000,110000,110000,110000
110000,110000,110000,110000,110000,110000,110000,110000
110000,110000,110000,110000,110000,110000,110000,110000
110000,110000,110000,110000,110000,110000,110000,110000
110000,110000,110000,110000,110000,110000,110000,110000
110000,110000,110000,110000,110000,110000,110000,110000
110000,110000,110000,110000,110000,110000,110000,110000
110000,110000,110000,110000,110000,110000,110000,110000
110000,110000,110000,110000,110000,110000,110000,110000
110000,110000,110000,110000,110000,110000,110000,110000
110000,110000,110000,110000,110000,110000,110000,110000
110000,110000,110000,110000,110000,110000,110000,110000
110000,110000,110000,110000,110000,110000,110000,110000
110000,110000,110000,110000,110000,110000,110000,110000
110000,110000,110000,110000,110000,110000,110000,110000
110000,110000,110000,110000,110000,110000,110000,110000
110000,110000,110000,110000,110000,110000,110000,110000
110000,110000,110000,110000,110000,110000,110000,110000
110000,110000,110000,110000,110000,110000,110000,110000
110000,110000,110000,110000,110000,110000,110000,110000
110000,110000,110000,110000,110000,110000,110000,110000
110000,110000,110000,110000,110000,110000,110000,110000
110000,110000,110000,110000,110000,110000,110000,112000
110000,110000,110000,110000,110000,110000,112000,112000
110000,110000,110000,110000,110000,112000,112000,112000
110000,110000,110000,110000,112000,112000,112000,112000
110000,110000,110000,112000,112000,112000,112000,112000
110000,110000,112000,112000,112000,112000,112000,112000
110000,112000,112000,112000,112000,112000,112000,112000
112000,112000,112000,112000,112000,112000,112000,110000
112000,112000,112000,112000,112000,112000,110000,110000
112000,112000,112000,112000,112000,110000,110000,110000
112000,112000,112000,112000,110000,110000,110000,110000
112000,112000,112000,110000,110000,110000,110000,110000
112000,112000,110000,110000,110000,110000,110000,110000
112000,110000,110000,110000,110000,110000,110000,110000
110000,110000,110000,110000,110000,110000,110000,110000
110000,110000,110000,110000,110000,110000,110000,110000
110000,110000,110000,110000,110000,110000,110000,110000
110000,110000,110000,110000,110000,110000,110000,110000
110000,110000,110000,110000,110000,110000,110000,110000
110000,110000,110000,110000,110000,110000,110000,110000
110000,110000,110000,110000,110000,110000,110000,110000
110000,110000,110000,110000,110000,110000,110000,110000
110000,110000,110000,110000,110000,110000,110000,110000
110000,110000,110000,110000,110000,110000,110000,110000
110000,110000,110000,110000,110000,110000,110000,110000
110000,110000,110000,110000,110000,110000,110000,110000
110000,110000,110000,110000,110000,110000,110000,110000
110000,110000,110000,110000,110000,110000,110000,115000
110000,110000,110000,110000,110000,110000,115000,115000
110000,110000,110000,110000,110000,115000,115000,115000
110000,110000,110000,110000,115000,115000,115000,115000
110000,110000,110000,115000,115000,115000,115000,117000
110000,110000,115000,115000,115000,115000,117000,117000
110000,115000,115000,115000,115000,117000,117000,117000
115000,115000,115000,115000,117000,117000,117000,117000
115000,115000,115000,117000,117000,117000,117000,117000
115000,115000,117000,117000,117000,117000,117000,117000
115000,117000,117000,117000,117000,117000,117000,115000
117000,117000,117000,117000,117000,117000,115000,117000
117000,117000,117000,117000,117000,115000,117000,117000
117000,117000,117000,117000,115000,117000,117000,115000
117000,117000,117000,115000,117000,117000,115000,115000
117000,117000,115000,117000,117000,115000,115000,115000
117000,115000,117000,117000,115000,115000,115000,115000
115000,117000,117000,115000,115000,115000,115000,115000
117000,117000,115000,115000,115000,115000,115000,115000
117000,115000,115000,115000,115000,115000,115000,115000
115000,115000,115000,115000,115000,115000,115000,115000
115000,115000,115000,115000,115000,115000,115000,115000
115000,115000,115000,115000,115000,115000,115000,115000
115000,115000,115000,115000,115000,115000,115000,115000
115000,115000,115000,115000,115000,115000,115000,115000
115000,115000,115000,115000,115000,115000,115000,115000
115000,115000,115000,115000,115000,115000,115000,115000
115000,115000,115000,115000,115000,115000,115000,115000
115000,115000,115000,115000,115000,115000,115000,115000
115000,115000,115000,115000,115000,115000,115000,115000
115000,115000,115000,115000,115000,115000,115000,115000
115000,115000,115000,115000,115000,115000,115000,115000
115000,115000,115000,115000,115000,115000,115000,115000
115000,115000,115000,115000,115000,115000,115000,115000
115000,115000,115000,115000,115000,115000,115000,115000
115000,115000,115000,115000,115000,115000,115000,115000
115000,115000,115000,115000,115000,115000,115000,115000
115000,115000,115000,115000,115000,115000,115000,115000
115000,115000,115000,115000,115000,115000,115000,110000
115000,115000,115000,115000,115000,115000,110000,110000
115000,115000,115000,115000,115000,110000,110000,110000
115000,115000,115000,115000,110000,110000,110000,110000
115000,115000,115000,110000,110000,110000,110000,110000
115000,115000,110000,110000,110000,110000,110000,110000
115000,110000,110000,110000,110000,110000,110000,110000
110000,110000,110000,110000,110000,110000,110000,115000
110000,110000,110000,110000,110000,110000,115000,115000
110000,110000,110000,110000,110000,115000,115000,115000
110000,110000,110000,110000,115000,115000,115000,110000
110000,110000,110000,115000,115000,115000,110000,110000
110000,110000,115000,115000,115000,110000,110000,110000
110000,115000,115000,115000,110000,110000,110000,120000
115000,115000,115000,110000,110000,110000,120000,120000
115000,115000,110000,110000,110000,120000,120000,120000
115000,110000,110000,110000,120000,120000,120000,120000
110000,110000,110000,120000,120000,120000,120000,120000
110000,110000,120000,120000,120000,120000,120000,115000
110000,120000,120000,120000,120000,120000,115000,115000
120000,120000,120000,120000,120000,115000,115000,115000
120000,120000,120000,120000,115000,115000,115000,110000
120000,120000,120000,115000,115000,115000,110000,110000
120000,120000,115000,115000,115000,110000,110000,110000
120000,115000,115000,115000,110000,110000,110000,110000
115000,115000,115000,110000,110000,110000,110000,110000
115000,115000,110000,110000,110000,110000,110000,110000
115000,110000,110000,110000,110000,110000,110000,110000
110000,110000,110000,110000,110000,110000,110000,110000
110000,110000,110000,110000,110000,110000,110000,110000
110000,110000,110000,110000,110000,110000,110000,110000
110000,110000,110000,110000,110000,110000,110000,110000
110000,110000,110000,110000,110000,110000,110000,110000
110000,110000,110000,110000,110000,110000,110000,110000
110000,110000,110000,110000,110000,110000,110000,110000
110000,110000,110000,110000,110000,110000,110000,110000
110000,110000,110000,110000,110000,110000,110000,110000
110000,110000,110000,110000,110000,110000,110000,110000
110000,110000,110000,110000,110000,110000,110000,110000
110000,110000,110000,110000,110000,110000,110000,110000
110000,110000,110000,110000,110000,110000,110000,110000
110000,110000,110000,110000,110000,110000,110000,110000
110000,110000,110000,110000,110000,110000,110000,110000
110000,110000,110000,110000,110000,110000,110000,110000
110000,110000,110000,110000,110000,110000,110000,110000
110000,110000,110000,110000,110000,110000,110000,110000
110000,110000,110000,110000,110000,110000,110000,110000
110000,110000,110000,110000,110000,110000,110000,110000
110000,110000,110000,110000,110000,110000,110000,110000
110000,110000,110000,110000,110000,110000,110000,110000
110000,110000,110000,110000,110000,110000,110000,110000
110000,110000,110000,110000,110000,110000,110000,110000
110000,110000,110000,110000,110000,110000,110000,110000
110000,110000,110000,110000,110000,110000,110000,110000
110000,110000,110000,110000,110000,110000,110000,110000
110000,110000,110000,110000,110000,110000,110000,110000
110000,110000,110000,110000,110000,110000,110000,110000
110000,110000,110000,110000,110000,110000,110000,110000
110000,110000,110000,110000,110000,110000,110000,110000
110000,110000,110000,110000,110000,110000,110000,110000
110000,110000,110000,110000,110000,110000,110000,110000
110000,110000,110000,110000,110000,110000,110000,110000
110000,110000,110000,110000,110000,110000,110000,110000
110000,110000,110000,110000,110000,110000,110000,110000
110000,110000,110000,110000,110000,110000,110000,110000
110000,110000,110000,110000,110000,110000,110000,110000
110000,110000,110000,110000,110000,110000,110000,110000
110000,110000,110000,110000,110000,110000,110000,110000
110000,110000,110000,110000,110000,110000,110000,110000
110000,110000,110000,110000,110000,110000,110000,110000
110000,110000,110000,110000,110000,110000,110000,110000
110000,110000,110000,110000,110000,110000,110000,110000
110000,110000,110000,110000,110000,110000,110000,110000
110000,110000,110000,110000,110000,110000,110000,110000
110000,110000,110000,110000,110000,110000,110000,115000
110000,110000,110000,110000,110000,110000,115000,115000
110000,110000,110000,110000,110000,115000,115000,115000
110000,110000,110000,110000,115000,115000,115000,115000
110000,110000,110000,115000,115000,115000,115000,115000
110000,110000,115000,115000,115000,115000,115000,115000
110000,115000,115000,115000,115000,115000,115000,115000
115000,115000,115000,115000,115000,115000,115000,115000
115000,115000,115000,115000,115000,115000,115000,115000
115000,115000,115000,115000,115000,115000,115000,115000
115000,115000,115000,115000,115000,115000,115000,115000
115000,115000,115000,115000,115000,115000,115000,115000
115000,115000,115000,115000,115000,115000,115000,115000
115000,115000,115000,115000,115000,115000,115000,115000
115000,115000,115000,115000,115000,115000,115000,115000
115000,115000,115000,115000,115000,115000,115000,115000
115000,115000,115000,115000,115000,115000,115000,115000
115000,115000,115000,115000,115000,115000,115000,110000
115000,115000,115000,115000,115000,115000,110000,110000
115000,115000,115000,115000,115000,110000,110000,110000
115000,115000,115000,115000,110000,110000,110000,110000
115000,115000,115000,110000,110000,110000,110000,110000
115000,115000,110000,110000,110000,110000,110000,110000
115000,110000,110000,110000,110000,110000,110000,110000
110000,110000,110000,110000,110000,110000,110000,110000
110000,110000,110000,110000,110000,110000,110000,110000
110000,110000,110000,110000,110000,110000,110000,115000
110000,110000,110000,110000,110000,110000,115000,115000
110000,110000,110000,110000,110000,115000,115000,115000
110000,110000,110000,110000,115000,115000,115000,115000
110000,110000,110000,115000,115000,115000,115000,115000
110000,110000,115000,115000,115000,115000,115000,110000
110000,115000,115000,115000,115000,115000,110000,110000
115000,115000,115000,115000,115000,110000,110000,110000
115000,115000,115000,115000,110000,110000,110000,110000
115000,115000,115000,110000,110000,110000,110000,110000
115000,115000,110000,110000,110000,110000,110000,110000
115000,110000,110000,110000,110000,110000,110000,110000
110000,110000,110000,110000,110000,110000,110000,110000
110000,110000,110000,110000,110000,110000,110000,110000
110000,110000,110000,110000,110000,110000,110000,110000
110000,110000,110000,110000,110000,110000,110000,110000
110000,110000,110000,110000,110000,110000,110000,110000
110000,110000,110000,110000,110000,110000,110000,110000
110000,110000,110000,110000,110000,110000,110000,110000
110000,110000,110000,110000,110000,110000,110000,110000
110000,110000,110000,110000,110000,110000,110000,110000
110000,110000,110000,110000,110000,110000,110000,110000
110000,110000,110000,110000,110000,110000,110000,110000
110000,110000,110000,110000,110000,110000,110000,110000
110000,110000,110000,110000,110000,110000,110000,110000
110000,110000,110000,110000,110000,110000,110000,108000
110000,110000,110000,110000,110000,110000,108000,108000
110000,110000,110000,110000,110000,108000,108000,108000
110000,110000,110000,110000,108000,108000,108000,108000
110000,110000,110000,108000,108000,108000,108000,108000
110000,110000,108000,108000,108000,108000,108000,108000
110000,108000,108000,108000,108000,108000,108000,108000
108000,108000,108000,108000,108000,108000,108000,108000
108000,108000,108000,108000,108000,108000,108000,108000
108000,108000,108000,108000,108000,108000,108000,108000
108000,108000,108000,108000,108000,108000,108000,108000
108000,108000,108000,108000,108000,108000,108000,110000
108000,108000,108000,108000,108000,108000,110000,110000
108000,108000,108000,108000,108000,110000,110000,110000
108000,108000,108000,108000,110000,110000,110000,110000
108000,108000,108000,110000,110000,110000,110000,110000
108000,108000,110000,110000,110000,110000,110000,110000
108000,110000,110000,110000,110000,110000,110000,110000
110000,110000,110000,110000,110000,110000,110000,110000
110000,110000,110000,110000,110000,110000,110000,110000
110000,110000,110000,110000,110000,110000,110000,110000
110000,110000,110000,110000,110000,110000,110000,110000
110000,110000,110000,110000,110000,110000,110000,110000
110000,110000,110000,110000,110000,110000,110000,110000
110000,110000,110000,110000,110000,110000,110000,110000
110000,110000,110000,110000,110000,110000,110000,110000
110000,110000,110000,110000,110000,110000,110000,110000
110000,110000,110000,110000,110000,110000,110000,110000
110000,110000,110000,110000,110000,110000,110000,110000
110000,110000,110000,110000,110000,110000,110000,110000
110000,110000,110000,110000,110000,110000,110000,110000
110000,110000,110000,110000,110000,110000,110000,110000
110000,110000,110000,110000,110000,110000,110000,108000
110000,110000,110000,110000,110000,110000,108000,108000
110000,110000,110000,110000,110000,108000,108000,108000
110000,110000,110000,110000,108000,108000,108000,108000
110000,110000,110000,108000,108000,108000,108000,110000
110000,110000,108000,108000,108000,108000,110000,110000
110000,108000,108000,108000,108000,110000,110000,110000
108000,108000,108000,108000,110000,110000,110000,110000
